keyword,volume,search_results
شرکت طراحی سایت اصفهان,10K+,[]
شرکت طراحی سایت اسپیناس,10K+,[]
شرکت طراحی سایت اهواز,10K+,[]
شرکت ایرانیان طراحی سایت,10K+,[]
شرکت طراحی سایت اختصاصی,10K+,[]
شرکت طراحی سایت ارومیه,10K+,[]
شرکت طراحی سایت ایرانیان اعتماد,10K+,[]
شرکت طراحی سایت اسلامشهر,10K+,[]
شرکت طراحی سایت اراک,10K+,[]
شرکت طراحی سایت در اصفهان,10K+,[]
شرکت طراحی سایت اصفهان,10K+,[]
شرکت طراحی سایت اسپیناس,10K+,[]
شرکت طراحی سایت اهواز,10K+,[]
شرکت ایرانیان طراحی سایت,10K+,[]
شرکت طراحی سایت اختصاصی,10K+,[]
شرکت طراحی سایت ارومیه,10K+,[]
شرکت طراحی سایت ایرانیان اعتماد,10K+,[]
شرکت طراحی سایت اسلامشهر,10K+,[]
شرکت طراحی سایت اراک,10K+,[]
شرکت طراحی سایت در اصفهان,10K+,[]
شرکت طراحی سایت اصفهان,10K+,[]
شرکت طراحی سایت اسپیناس,10K+,[]
شرکت طراحی سایت اهواز,10K+,[]
شرکت ایرانیان طراحی سایت,10K+,[]
شرکت طراحی سایت اختصاصی,10K+,[]
شرکت طراحی سایت ارومیه,10K+,[]
شرکت طراحی سایت ایرانیان اعتماد,10K+,[]
شرکت طراحی سایت اسلامشهر,10K+,[]
شرکت طراحی سایت اراک,10K+,[]
شرکت طراحی سایت در اصفهان,10K+,[]
شرکت طراحی سایت اصفهان,10K+,[]
شرکت طراحی سایت اسپیناس,10K+,[]
شرکت طراحی سایت اهواز,10K+,[]
شرکت ایرانیان طراحی سایت,10K+,[]
شرکت طراحی سایت اختصاصی,10K+,[]
شرکت طراحی سایت ارومیه,10K+,[]
شرکت طراحی سایت ایرانیان اعتماد,10K+,[]
شرکت طراحی سایت اسلامشهر,10K+,[]
شرکت طراحی سایت اراک,10K+,[]
شرکت طراحی سایت در اصفهان,10K+,[]
شرکت طراحی سایت اصفهان,10K+,[]
شرکت طراحی سایت اسپیناس,10K+,[]
شرکت طراحی سایت اهواز,10K+,[]
شرکت ایرانیان طراحی سایت,10K+,[]
شرکت طراحی سایت اختصاصی,10K+,[]
شرکت طراحی سایت ارومیه,10K+,[]
شرکت طراحی سایت ایرانیان اعتماد,10K+,[]
شرکت طراحی سایت اسلامشهر,10K+,[]
شرکت طراحی سایت اراک,10K+,[]
شرکت طراحی سایت در اصفهان,10K+,[]
ثبت شرکت طراحی سایت,10K+,[]
شرکت طراحی سایت اصفهان,10K+,[]
شرکت طراحی سایت اسپیناس,10K+,[]
شرکت طراحی سایت اهواز,10K+,[]
شرکت ایرانیان طراحی سایت,10K+,[]
شرکت طراحی سایت اختصاصی,10K+,[]
شرکت طراحی سایت ارومیه,10K+,[]
شرکت طراحی سایت ایرانیان اعتماد,10K+,[]
شرکت طراحی سایت اسلامشهر,10K+,[]
شرکت طراحی سایت اراک,10K+,[]
شرکت طراحی سایت در اصفهان,10K+,[]
شرکت طراحی سایت باران,10K+,[]
شرکت طراحی سایت بابل,10K+,[]
شرکت طراحی سایت بهپردازان,10K+,[]
شرکت طراحی سایت بیاسا,10K+,[]
شرکت طراحی سایت بندرعباس,10K+,[]
شرکت طراحی سایت در بندرعباس,10K+,[]
شرکت های طراحی سایت با وردپرس,10K+,[]
بهترین شرکت طراحی سایت در مشهد,10K+,[]
بهترین شرکت طراحی سایت در گیلان,10K+,[]
بهترین شرکت طراحی سایت در ایران,10K+,[]
شرکت طراحی سایت تهران,10K+,[]
بهترین شرکت طراحی سایت تهران,10K+,[]
شرکت های طراحی سایت تهران,10K+,[]
شرکت طراحی سایت وردپرس تهران,10K+,[]
بهترین شرکت های طراحی سایت تهران,10K+,[]
بهترین شرکت طراحی سایت در تبریز,10K+,[]
بهترین شرکت های طراحی سایت در تهران,10K+,[]
شرکت های طراحی وب سایت در تهران,10K+,[]
شرکت های طراحی سایت تبریز,10K+,[]
شرکت طراحی سایت همیار توسعه,10K+,[]
شرکت طراحی سایت تهران,10K+,[]
بهترین شرکت طراحی سایت تهران,10K+,[]
شرکت های طراحی سایت تهران,10K+,[]
شرکت طراحی سایت وردپرس تهران,10K+,[]
بهترین شرکت های طراحی سایت تهران,10K+,[]
بهترین شرکت طراحی سایت در تبریز,10K+,[]
بهترین شرکت های طراحی سایت در تهران,10K+,[]
شرکت های طراحی وب سایت در تهران,10K+,[]
شرکت های طراحی سایت تبریز,10K+,[]
شرکت طراحی سایت همیار توسعه,10K+,[]
شرکت طراحی سایت چکاوک شهر,10K+,[]
چگونه شرکت طراحی سایت بزنیم,10K+,[]
چارت سازمانی شرکت طراحی سایت,10K+,[]
شرکت طراحی سایت حامد,10K+,[]
شرکت طراحی وب سایت حرفه ای,10K+,[]
شرکت خدمات طراحی سایت,10K+,[]
طراحی سایت برای شرکت های خارجی,10K+,[]
طراحی سایت شرکت خدماتی,10K+,[]
شرکت طراحی سایت چکاوک شهر,10K+,[]
چگونه شرکت طراحی سایت بزنیم,10K+,[]
چارت سازمانی شرکت طراحی سایت,10K+,[]
شرکت طراحی سایت دارکوب,10K+,[]
شرکت طراحی سایت در اصفهان,10K+,[]
شرکت طراحی سایت در شیراز,10K+,[]
شرکت طراحی سایت در یزد,10K+,[]
شرکت طراحی سایت در اهواز,10K+,[]
شرکت طراحی سایت در کرمان,10K+,[]
شرکت طراحی سایت داده ورزان,10K+,[]
شرکت طراحی سایت در مشهد,10K+,[]
شرکت طراحی سایت در قم,10K+,[]
شرکت طراحی سایت در ارومیه,10K+,[]
شرکت طراحی سایت رایان,10K+,[]
شرکت طراحی سایت رادکام,10K+,[]
شرکت طراحی سایت راتین,10K+,[]
شرکت طراحی سایت ره وب,10K+,[]
شرکت های طراحی سایت در رشت,10K+,[]
راه اندازی شرکت طراحی سایت,10K+,[]
شرکت راهبر طراحی سایت,10K+,[]
شرکت طراحی سایت زئوس,10K+,[]
شرکت طراحی سایت در زنجان,10K+,[]
شرکت طراحی سایت رایان,10K+,[]
شرکت طراحی سایت رادکام,10K+,[]
شرکت طراحی سایت راتین,10K+,[]
شرکت طراحی سایت ره وب,10K+,[]
شرکت های طراحی سایت در رشت,10K+,[]
راه اندازی شرکت طراحی سایت,10K+,[]
شرکت راهبر طراحی سایت,10K+,[]
شرکت طراحی سایت شیراز,10K+,[]
شرکت طراحی سایت در شیراز,10K+,[]
شرکت های طراحی سایت شیراز,10K+,[]
شرکت طراحی سایت وردپرس شیراز,10K+,[]
شرکت های طراحی سایت در شیراز,10K+,[]
شرکت طراحی وب سایت در شیراز,10K+,[]
شرکت طراحی سایت چکاوک شهر,10K+,[]
شرکت طراحی سایت در شهریار,10K+,[]
بهترین شرکت های طراحی سایت شیراز,10K+,[]
شکایت از شرکت طراحی سایت,10K+,[]
شرکت طراحی سایت شیراز,10K+,[]
شرکت طراحی سایت در شیراز,10K+,[]
شرکت های طراحی سایت شیراز,10K+,[]
شرکت طراحی سایت وردپرس شیراز,10K+,[]
شرکت های طراحی سایت در شیراز,10K+,[]
شرکت طراحی وب سایت در شیراز,10K+,[]
شرکت طراحی سایت چکاوک شهر,10K+,[]
شرکت طراحی سایت در شهریار,10K+,[]
بهترین شرکت های طراحی سایت شیراز,10K+,[]
شکایت از شرکت طراحی سایت,10K+,[]
شرکت طراحی سایت شیراز,10K+,[]
شرکت طراحی سایت در شیراز,10K+,[]
شرکت های طراحی سایت شیراز,10K+,[]
شرکت طراحی سایت وردپرس شیراز,10K+,[]
شرکت های طراحی سایت در شیراز,10K+,[]
شرکت طراحی وب سایت در شیراز,10K+,[]
شرکت طراحی سایت چکاوک شهر,10K+,[]
شرکت طراحی سایت در شهریار,10K+,[]
بهترین شرکت های طراحی سایت شیراز,10K+,[]
شکایت از شرکت طراحی سایت,10K+,[]
